id_продукта,тип_светильника,бренд,серия,мощность_вт,световой_поток_лм,эффективность_лм_вт,угол_раскрытия_град,cri,cct_k,ip,срок_службы_ч,цена_₽
b18ecb89-d39b-48a2-8a38-e30df8cb5c2d,потолочный люстра,Odeon Light,Odeon Light-LS61849,37.45,3120.9,83.3,254,89,2885,24,23689,13348.86
56a2970f-23c1-4efa-8f2e-0a8e51c0848f,потолочный панель,Lumitec,Lumitec-PL85674,48.97,6038.9,120.0,103,86,3506,25,41133,3052.03
7c72f612-515e-4373-8022-f3b62973f314,потолочный линейный,Gauss,Gauss-LN88246,67.97,5650.8,90.0,100,81,3670,42,49579,4860.26
0d1b6a85-a2c2-432a-bc56-c947000b4164,потолочный подвесной,Gauss,Gauss-PD87354,54.74,5785.1,105.7,80,88,3926,39,56179,2627.74
ddf1252f-4c34-44b6-aa18-af5d42be9bdc,потолочный линейный,Volpe,Volpe-LN60293,60.33,4129.7,90.0,97,81,4059,24,45538,3345.35
e8321d17-f901-439c-8ce3-e9891bdb8558,потолочный подвесной,Feron,Feron-PD69113,27.07,6139.2,125.0,101,86,4499,33,49689,1873.42
29d22d34-e08d-4172-8319-43c77c6cf7e6,потолочный прожектор,Gauss,Gauss-PJ64477,35.01,14207.3,140.0,16,82,5853,64,60217,7929.58
ae2883b4-cae6-412e-9698-55d59c8b5749,настенный накладной,Gauss,Gauss-NK69942,43.6,2363.8,80.0,92,80,4141,50,41871,2251.54
0ef45bd6-dfec-4551-b53a-2a6195d87e6f,потолочный прожектор,Philips,Philips-PJ67850,227.91,28041.3,123.0,72,81,3399,59,72931,6136.06
347d059c-fd8b-4631-b3a2-f8b00b048417,потолочный люстра,Gauss,Gauss-LS67549,41.85,4976.1,100.0,296,86,2898,28,20644,6362.08
336bbdcf-d9e7-43e8-8562-85f71f2848ac,потолочный линейный,IEK,IEK-LN37082,66.54,3611.2,90.0,114,85,4025,44,55310,1580.52
a7a35dc4-bce5-41f3-ae3c-358baffa99c2,потолочный high bay,Navigator,Navigator-XX99037,216.92,22821.9,105.2,91,83,4420,64,61705,10086.46
c3fce492-c237-4478-baf5-a034ca7ae197,потолочный линейный,IEK,IEK-LN52217,28.14,7100.6,130.0,102,80,3915,42,58057,1444.03
a0d212d5-4dab-440b-9912-fa6f7dde6c28,потолочный high bay,Philips,Philips-XX62802,209.45,25582.1,122.1,89,83,4671,50,68079,10786.72
b3a06141-7b9e-4f06-a9c3-d33a99326b10,потолочный люстра,Gauss,Gauss-LS70089,94.98,6862.9,72.3,330,84,3090,25,37378,17172.6
10e48abd-64a2-4821-a3e4-774506d9678b,настенный бра,Feron,Feron-BR54270,21.6,1331.4,70.0,95,85,2983,24,30296,1513.03
6a68ea98-3517-4d9b-b431-f6777963ad26,потолочный люстра,Odeon Light,Odeon Light-LS12134,77.79,5963.0,76.7,236,83,3246,20,21991,16001.96
2633a9af-c426-45f5-bfdb-40e3ab3f12e2,потолочный линейный,Gauss,Gauss-LN30837,75.77,3074.3,90.0,103,89,4141,53,66376,4516.81
34fe782e-b15a-447c-bd75-883ead81542f,потолочный накладной,Uniel,Uniel-NK66260,12.8,1873.2,110.0,92,86,3973,21,48768,2342.37
4334d6ac-b629-49b3-ad74-64e4514bff1a,настенный бра,Feron,Feron-BR25806,7.28,647.5,88.9,109,80,3471,25,36126,627.41
c6b1787b-f85b-48e3-96f8-f5bc8768dd92,потолочный подвесной,Osram,Osram-PD27451,60.11,4987.2,90.0,73,80,4208,22,46026,2636.43
a722bbdc-aaba-45ac-8779-f39c0c1b2ebf,настенный бра,Arlight,Arlight-BR63963,29.82,771.4,70.0,137,80,3545,24,43060,2735.47
4e1dc06b-b3dd-4ab1-af6d-0031e82ce01a,потолочный прожектор,Arlight,Arlight-PJ28327,212.24,31238.7,140.0,24,81,5633,54,55361,14485.48
8338bb1c-92d4-4966-9553-1dc527cb8f92,потолочный high bay,Arlight,Arlight-XX36928,127.08,10190.5,100.0,93,84,5518,59,77619,13250.76
c48bf3ab-70cb-430b-a6a7-c0a74b8629a0,потолочный люстра,Arlight,Arlight-LS75481,80.69,3320.5,70.0,214,86,3327,27,24786,8638.88
a382e3d4-6c92-440c-af6d-5b70ce973e91,настенный бра,Feron,Feron-BR81612,19.85,1773.5,89.3,177,89,3914,21,46520,2532.49
1f08b073-a824-40b3-a530-9503fe49161f,настенный бра,Gauss,Gauss-BR76402,9.32,1624.6,100.0,178,80,3463,20,30393,3736.77
45e83b88-8698-4fd5-8131-dfa610caf733,потолочный накладной,Arlight,Arlight-NK20357,28.86,2252.8,85.0,102,87,3123,32,48481,1265.92
1e1ee7a3-aa2e-412d-a98e-7d3f193406e6,потолочный люстра,Feron,Feron-LS67342,112.09,8820.2,78.7,157,83,3169,27,32996,13398.36
e31765d8-1d6f-493c-acd9-c01974c2dc84,настенный накладной,Gauss,Gauss-NK25655,48.14,1563.6,80.0,97,89,3173,56,36375,2598.41
8b041879-171d-47b3-b6b7-7abcb9991f11,потолочный панель,Arlight,Arlight-PL45227,47.73,5167.2,108.3,94,94,4284,38,58830,1334.28
8637f6b9-5b0b-4ecb-a173-457494de8941,настенный накладной,Arlight,Arlight-NK75031,45.46,3268.6,80.0,90,88,3407,45,52808,2356.96
4f30cdf0-90c4-4cba-8a8b-b4d2749097c5,потолочный трековый спот,Arlight,Arlight-XX39937,30.43,1155.0,85.0,53,86,2904,35,56828,3326.83
a55d6172-39d0-4a0d-b08b-ddb44f8bcb7e,настенный накладной,Arlight,Arlight-NK82465,30.35,940.9,80.0,115,82,3707,52,38752,3314.13
7c6d47b0-6f03-4692-9302-48de78bc20ba,напольный торшер,Feron,Feron-TR25650,55.7,4084.9,80.0,127,83,3241,27,25425,1700.98
c0328788-ad98-4187-9ed9-3c0015ad3520,потолочный люстра,Feron,Feron-LS52899,87.33,2368.7,70.0,173,85,2736,24,37539,17521.6
acb79ba4-e5c8-46ec-8377-3942ab2199f9,потолочный линейный,Uniel,Uniel-LN35614,53.19,2054.2,90.0,96,85,3955,41,48557,3325.93
b6726fca-fa13-4c8c-aa9f-abca1e4d33ef,настенный накладной,Arlight,Arlight-NK53911,46.02,3233.5,80.0,97,80,3615,48,43660,3066.85
7967c8c7-dd98-4d96-9de0-704f1b370015,потолочный панель,Arlight,Arlight-PL46677,49.88,3606.1,90.0,112,84,3807,43,46792,3875.79
148c6341-1a54-4a0b-bf3c-d10ad65ef357,потолочный линейный,Volpe,Volpe-LN27499,22.63,3574.0,130.0,115,84,4843,35,59915,3281.16
fdeec154-15b3-40a8-82f2-9a85c25ab455,настенный бра,Gauss,Gauss-BR52762,25.5,594.6,70.0,141,84,3953,22,31524,1671.03
1996d11a-7f14-4f02-a4a3-97132e44f1fb,потолочный даунлайт,Feron,Feron-DL63282,17.41,1307.4,85.0,107,82,4086,22,33169,1344.09
8d3c2272-4aee-4942-ba1b-97c23fcb0e11,потолочный линейный,Navigator,Navigator-LN89076,52.16,8559.5,130.0,96,83,3897,24,36304,3712.82
025f9935-fae1-486f-a218-1ab1c24933b7,потолочный панель,Arlight,Arlight-PL14073,27.03,5911.6,120.0,94,90,4952,29,31958,1756.29
5a908783-31c5-4f39-986f-2bac8f1b4986,потолочный подвесной,Philips,Philips-PD27133,70.55,5558.5,90.0,93,80,3152,39,38643,1496.01
be417625-a7b2-4626-9542-87da399090ff,потолочный high bay,Philips,Philips-XX35919,220.02,17678.2,100.0,97,84,5455,46,82509,3750.7
d329bed9-5b99-4913-a4cd-a385b751adb4,настенный бра,Lightstar,Lightstar-BR66774,16.09,734.9,70.0,171,88,3131,20,36524,1171.16
1147a1fd-24d9-4423-8768-fc0a83158be3,настенный накладной,Arlight,Arlight-NK90492,25.8,894.3,80.0,110,81,3322,47,41996,3185.24
5395d3d6-81a4-45ee-b6b7-c7fcf49aceb2,потолочный прожектор,Navigator,Navigator-PJ42656,192.75,24007.5,124.6,67,93,4676,42,55320,6869.29
a7b4bfcc-26b4-424f-bd98-d2cc5188012c,настенный бра,Lightstar,Lightstar-BR75849,29.85,1813.5,70.0,91,83,3627,24,44535,1769.72
ff405936-1c75-47aa-869a-9a48cd030dea,потолочный даунлайт,Volpe,Volpe-DL56849,15.93,1167.5,85.0,75,83,4312,38,31757,2482.22
be0358b4-95e6-440f-91be-1a6523802bbf,напольный торшер,Gauss,Gauss-TR85457,39.2,1900.9,80.0,104,82,3013,25,35824,7633.54
929d367b-d183-4324-a872-14b06ba89531,напольный торшер,Arlight,Arlight-TR13697,29.42,4921.4,100.0,179,81,3007,23,34762,4229.05
740fde64-bf8a-47dd-ac30-79e126254ddf,настенный накладной,ERA,ERA-NK33010,38.02,3832.2,100.8,106,85,3282,64,57040,2129.01
a69345ef-7ab8-4b8a-8b34-fb89e4964af2,потолочный трековый спот,Uniel,Uniel-XX33260,11.52,1158.4,100.6,42,85,3321,26,48424,3803.2
e5609588-7cac-47ba-9072-6c209a80b79e,напольный торшер,Odeon Light,Odeon Light-TR58967,52.21,2291.4,80.0,91,85,3892,27,36929,8746.03
d2c34fa5-93e3-4b3a-b475-6d599e358966,настенный накладной,Uniel,Uniel-NK95089,47.68,2065.9,80.0,93,83,3204,47,58717,2937.97
9335a536-c71e-472d-9948-8b27bf230d64,потолочный даунлайт,Feron,Feron-DL48602,11.01,3218.7,115.0,94,93,4116,25,47668,768.24
31e84398-326a-4530-97ec-76ef30d65547,потолочный магистральный,Philips,Philips-MG90134,59.55,4022.5,95.0,111,85,4850,59,62699,2501.45
12533326-86e0-4434-aa2f-74ef5bdf262e,потолочный high bay,Philips,Philips-XX97821,188.74,10706.9,100.0,89,79,4194,48,62780,10816.15
79a69fd7-c212-4cfb-ba23-3930224f2dd3,настенный бра,Odeon Light,Odeon Light-BR60585,23.23,1272.9,70.0,91,82,3601,23,44675,3049.41
08c63c2a-171d-493d-aa9b-a318736c2903,потолочный трековый спот,Jazzway,Jazzway-XX95323,39.3,5357.9,115.0,54,89,3192,30,33042,2626.16
2e6da010-b57c-413b-b414-8ab4ecdeaeee,напольный торшер,Gauss,Gauss-TR59212,44.36,1599.4,80.0,96,88,3083,23,39033,1667.8
523dcf5c-8c66-49d5-8d01-53e0485e2b3d,потолочный магистральный,IEK,IEK-MG89602,120.52,10838.1,95.0,116,80,4594,55,59309,1670.46
df0d18f3-41a3-4592-b0f5-bc3a211c6a13,потолочный подвесной,Feron,Feron-PD48980,25.21,2239.2,90.0,72,81,4045,37,56899,2473.27
5d801ca4-f830-4dd6-b436-940e71eab456,потолочный high bay,Navigator,Navigator-XX72957,96.31,18215.5,140.0,92,82,4136,40,53505,12974.82
27b126f2-6686-4dd4-82c6-c9edf5825b66,потолочный high bay,Arlight,Arlight-XX21945,96.49,13380.8,138.7,98,89,5183,42,81395,8915.86
405fe6da-9d99-4887-af5a-5d0c35550300,настенный бра,Feron,Feron-BR83956,18.6,880.7,70.0,169,83,3279,22,36626,1369.22
99e88314-35be-4d28-afa4-5868a6fc093e,потолочный панель,Lumitec,Lumitec-PL60738,24.35,5143.1,120.0,92,90,4712,29,60258,1528.04
065c6271-f2f6-4e9c-bcf2-cde2eddac40f,потолочный люстра,Gauss,Gauss-LS75811,61.86,5748.6,92.9,328,84,3405,24,21579,18201.38
e2b7d1db-c1f3-4e91-979a-52f3dce58828,потолочный прожектор,Osram,Osram-PJ35260,272.13,29215.3,107.4,86,89,3420,58,46915,14781.15
a090e168-dac3-4259-a9a3-3d45b957f274,потолочный магистральный,Arlight,Arlight-MG21406,44.69,4979.6,111.4,110,82,4822,43,63801,3258.62
90bd11f7-4d4b-4653-9f06-4a92de338259,потолочный подвесной,Osram,Osram-PD24748,51.16,5530.0,108.1,111,85,4375,20,56012,4020.37
344c10e2-76d7-4f41-b3c1-621b74765a56,потолочный подвесной,Gauss,Gauss-PD55071,24.73,5636.1,125.0,94,89,3150,22,58386,4971.58
fe1aaac5-294b-4bdc-a066-37633f97442d,потолочный подвесной,Osram,Osram-PD15083,32.17,6279.9,125.0,94,84,3258,29,53547,4467.9
66e6f3d6-58d8-44cf-8fcf-32b15ed32b98,потолочный подвесной,Feron,Feron-PD50756,72.82,3919.9,90.0,74,87,4381,41,35606,5123.45
59abb1fe-94b3-4b37-970a-518d7766e80d,потолочный накладной,Arlight,Arlight-NK45313,35.29,3217.2,91.2,110,89,3341,27,52311,2457.67
8897e368-771a-4fc4-b1ee-6f8228d3825c,настенный накладной,Arlight,Arlight-NK77537,26.67,2865.8,107.5,95,82,4235,59,53987,3141.41
d424da5a-e2f7-49ee-8e16-ccf22a85f915,напольный торшер,Gauss,Gauss-TR17553,17.95,2237.8,100.0,135,81,3806,28,20578,2734.87
6e5393e3-07c6-40f0-962b-e2102a72a1cb,потолочный high bay,Philips,Philips-XX41711,85.62,9314.5,108.8,81,77,4920,51,65877,14115.35
56035fbc-8021-4cce-9dcc-25e154687b52,потолочный даунлайт,Gauss,Gauss-DL47364,18.24,1859.9,102.0,108,87,3692,28,55129,943.19
9a60a222-7e4c-4d58-b1db-775ebe7ed161,потолочный панель,ERA,ERA-PL77276,34.24,2582.0,90.0,107,94,4785,35,57107,1661.07
0a9887a1-fd2e-4469-9ace-65af01588d97,потолочный панель,Gauss,Gauss-PL50037,54.31,6442.3,118.6,110,87,3698,24,62034,1516.06
22698ca9-8f57-427d-849c-935704ed48b9,настенный накладной,Navigator,Navigator-NK62055,48.68,2856.8,80.0,102,83,3523,49,46667,2628.43
855a0f61-f8ce-4119-81d1-4e23fe4898a0,потолочный прожектор,Philips,Philips-PJ73142,48.65,19391.5,140.0,84,92,4309,56,64362,5178.66
114b22cc-2d1f-487d-b5ae-40daff02819f,потолочный линейный,Volpe,Volpe-LN41496,40.18,3880.1,96.6,99,82,4484,52,56058,1672.28
62dc5a2b-1b7c-403d-900f-bc4bc85d62e2,потолочный панель,Jazzway,Jazzway-PL64862,51.83,5651.3,109.0,108,89,4521,37,56216,3991.9
4660abb5-7c40-4612-bbf2-beac4d867c02,потолочный подвесной,Osram,Osram-PD98063,40.24,1757.8,90.0,102,85,3284,37,41670,3766.25
a288ef70-6776-49ca-9d4b-ed1d388941be,потолочный даунлайт,Volpe,Volpe-DL33995,18.67,2898.1,115.0,102,93,3026,22,33838,943.17
ab062ad5-ae9a-409e-8437-3f8871401007,настенный бра,Lightstar,Lightstar-BR48541,27.49,2101.5,76.4,110,82,3832,24,47171,1863.72
96a75493-7394-47e7-b9bb-d6e43ce03bf1,потолочный трековый спот,Philips,Philips-XX79446,44.05,3064.5,85.0,53,90,3927,21,56682,2701.72
978e51eb-4da2-4dba-8537-6d02dabc9eff,потолочный накладной,Uniel,Uniel-NK51469,22.39,3251.3,110.0,94,89,3514,43,56785,2967.96
da91e0fd-f5b2-4945-8ad0-ee3d883aacb3,настенный накладной,Gauss,Gauss-NK85534,17.21,1058.6,80.0,99,89,3470,45,46301,1365.33
15a4febf-e746-468a-acd0-a6a14279a0ff,напольный торшер,Odeon Light,Odeon Light-TR14944,17.92,4276.4,100.0,160,81,3263,24,28580,5296.6
56bb9c0d-761f-4f0e-81e8-83ded8284338,потолочный люстра,Arlight,Arlight-LS39657,39.94,4611.7,100.0,123,83,3366,21,33534,13093.71
35ba1f7c-ac12-4577-a620-07f326f22744,настенный накладной,Uniel,Uniel-NK78195,45.08,1798.7,80.0,93,85,3459,45,36142,3360.85
96644c3b-9f2c-410d-babe-c0eb5f037f93,потолочный прожектор,Gauss,Gauss-PJ12506,166.75,16744.6,100.4,87,82,6486,52,70004,3308.37
75ab2eba-aa03-4f2e-872a-2411d474d3a5,потолочный high bay,Gauss,Gauss-XX93928,118.13,33606.9,140.0,72,75,5261,43,78444,12609.46
4333b9fc-23da-4cfb-834c-ff7833f3a980,потолочный накладной,Feron,Feron-NK59840,33.14,2582.5,85.0,107,80,3162,40,31447,877.9
9333c2ba-ecce-42e8-b2e3-199be9ee2565,потолочный линейный,Gauss,Gauss-LN91631,52.84,5225.9,98.9,94,86,4445,30,56466,3616.18
a341bb81-0c6d-42e3-a731-cfcecb220862,потолочный прожектор,Navigator,Navigator-PJ36181,216.2,16240.1,90.0,109,87,5161,47,71390,7968.35
75e04edf-cc3b-4430-9a33-b0a982700d8a,напольный торшер,Lightstar,Lightstar-TR53332,23.15,3149.5,100.0,108,87,3083,20,29927,2869.25
95bc7842-73e4-43dc-8ea5-b5a20cbac542,потолочный high bay,Philips,Philips-XX43540,80.47,25462.5,140.0,114,87,5672,43,53603,9384.61
d82c84ef-ef53-4580-9f37-2062c272c353,настенный бра,Feron,Feron-BR65836,10.78,2970.5,100.0,116,84,2829,21,25986,1587.93
29ed9153-3be2-497f-8b85-d34fa406102b,настенный накладной,Navigator,Navigator-NK45167,14.64,3524.0,110.0,116,80,3207,57,43216,3215.22
9ef1a147-f322-413f-8c9c-cb0e665a8156,настенный накладной,Uniel,Uniel-NK95045,13.72,3407.9,110.0,95,84,4443,49,44642,3096.81
8fbf530b-1e1c-4590-ba57-f9e916c98378,напольный торшер,Arlight,Arlight-TR98918,18.34,1469.8,80.1,155,89,3797,21,38224,5344.07
c9360041-77d5-4b6a-bf12-7322e0bc2e3f,потолочный трековый спот,Philips,Philips-XX24802,17.25,2646.9,115.0,31,85,3589,36,59203,1370.36
705dc035-02e2-4aa0-9052-80ca3914c126,потолочный подвесной,Philips,Philips-PD97797,43.64,1962.4,90.0,99,80,4302,32,57308,4674.11
91ccdcb2-0351-4b0f-9d76-67a1fdf7971b,потолочный даунлайт,Arlight,Arlight-DL83183,18.94,2489.4,115.0,90,86,4007,31,49911,1746.95
ad4ea334-566e-4e50-add2-30b1dfcacd2c,потолочный прожектор,Osram,Osram-PJ53371,35.28,23875.6,140.0,31,92,5981,61,42994,7883.07
28eca50a-05bd-4ef3-b139-d75647e4a86e,потолочный накладной,Feron,Feron-NK68598,11.51,1501.3,110.0,109,84,3352,31,54037,1675.44
8f328b96-ceb7-4c5e-8cb4-8970325e2969,потолочный даунлайт,Volpe,Volpe-DL91142,9.73,1993.2,115.0,92,81,3442,33,30005,590.88
06db2af3-23bb-4cff-91b9-1ea943f9eb04,настенный бра,Gauss,Gauss-BR53512,12.61,1721.7,100.0,108,86,3935,23,26356,1357.92
2d316e94-80cd-4880-854b-35dd3f1b384d,потолочный люстра,Feron,Feron-LS93055,96.74,6199.7,70.0,291,83,3062,20,33178,1540.64
291a6436-cc88-4d95-9472-cd89ee1a392c,напольный торшер,Odeon Light,Odeon Light-TR43330,24.6,3144.5,100.0,153,80,2913,21,34337,7494.03
b3b283c7-98ea-4097-8c47-5a54b3d723a3,потолочный прожектор,Philips,Philips-PJ93000,74.86,6105.4,90.0,104,83,5885,44,53517,11600.09
ef411732-7bad-407a-8814-bfdaf0a53a0d,настенный бра,Odeon Light,Odeon Light-BR82512,19.72,2407.6,100.0,130,86,3943,21,37470,2403.24
1e69c1a7-a076-4772-953d-3feef20cbd53,потолочный подвесной,Osram,Osram-PD96182,69.52,5025.4,90.0,90,89,3265,33,56914,1816.23
07f8ba4c-366b-4cf8-9cd0-e1f62de52b43,потолочный прожектор,Arlight,Arlight-PJ48557,189.73,12942.7,90.0,107,86,5131,57,49929,6570.18
04736a9e-b00a-4523-a39c-a9336ef50b22,потолочный трековый спот,Jazzway,Jazzway-XX92913,42.19,1535.6,85.0,42,93,3365,36,46434,2030.08
61b2748a-c1f7-4755-98dd-2aba0e9e3d27,потолочный high bay,Navigator,Navigator-XX81105,114.15,24228.4,140.0,77,80,5680,64,76003,14520.75
54632f1f-392c-4050-9c16-ec7838b54875,настенный накладной,Navigator,Navigator-NK47477,35.48,3073.1,86.6,112,85,3874,63,52753,2620.46
0495b876-9427-4263-b26b-4c209f5e5ccd,потолочный подвесной,Feron,Feron-PD99573,67.54,5315.9,90.0,61,81,4005,24,57505,1972.49
a4cb2325-8ba6-4758-873c-8e785e039598,потолочный накладной,IEK,IEK-NK39400,14.39,1067.5,85.0,113,82,3811,28,43577,2078.66
04862d51-13dd-427a-bec3-176b1ee838b1,настенный накладной,Uniel,Uniel-NK99803,35.88,2044.4,80.0,105,87,4044,58,36174,1830.27
1455325d-3a0c-4224-bd8f-054c07d280a2,потолочный даунлайт,Feron,Feron-DL87120,29.21,839.9,85.0,97,83,4263,40,43291,873.65
0f2d59bb-d3b9-4aaa-8c6a-f75a0645604c,потолочный люстра,Lightstar,Lightstar-LS25643,93.85,3375.3,70.0,293,81,3059,29,21489,19305.79
00f50604-0575-48ed-ae78-2214ff757644,потолочный подвесной,Arlight,Arlight-PD30146,17.64,3537.5,125.0,75,81,4269,20,48989,5699.97
2c7f10e7-0a78-4ddd-ac0a-702ef7de5f98,потолочный даунлайт,Feron,Feron-DL78864,20.73,2711.5,115.0,91,92,3242,38,46504,553.05
4e4ccd61-a73b-4045-9b3f-8ad6136581c8,потолочный high bay,Arlight,Arlight-XX53393,242.69,21535.8,100.0,107,77,5357,50,63976,13659.06
197a148e-a7d1-4f6b-8b7b-1f0db99511d0,потолочный даунлайт,Feron,Feron-DL68414,13.75,3170.8,115.0,90,87,3710,38,49479,640.92
62dc77bb-786b-4a95-bf8f-38fd862253a5,потолочный high bay,Gauss,Gauss-XX43631,233.76,23956.2,102.5,97,89,5706,48,86637,14367.36
4de19dc3-b39b-4422-9534-e3d756e27973,потолочный люстра,Arlight,Arlight-LS51984,92.4,2172.9,70.0,244,87,3111,25,29736,6984.03
854ed7e1-4f6a-4573-bd62-b500d2b5e790,потолочный люстра,Arlight,Arlight-LS99837,28.23,2671.7,94.6,353,87,3126,26,24215,13146.02
ae225ec8-f18a-453c-a98e-0bd45151d9a4,потолочный подвесной,Philips,Philips-PD13113,69.32,3000.7,90.0,109,88,4112,30,59502,1546.18
2c9595a1-6a6c-437b-988e-7459f585675d,потолочный трековый спот,Philips,Philips-XX60860,38.67,1074.3,85.0,18,86,3027,21,54648,4179.55
2b0fb1cb-8528-4b07-9218-d32c6bfe464c,потолочный трековый спот,Jazzway,Jazzway-XX15965,35.21,2891.9,85.0,15,91,3395,32,48550,3621.46
2ccc517d-6338-48de-8ef3-ebd2321ad2ce,настенный накладной,Uniel,Uniel-NK61788,43.93,1944.6,80.0,105,82,4028,56,42037,3302.07
c24ac1f1-b470-4805-9fa0-5ffd492a41e4,настенный бра,Feron,Feron-BR98773,5.77,806.4,100.0,109,87,3735,28,32374,2755.76
8b4c88d9-7459-4510-8ac4-ab4bd7bd7484,напольный торшер,Lightstar,Lightstar-TR80405,53.36,3686.1,80.0,176,80,3837,21,20835,6154.47
ebc38335-eecc-4020-98b3-558ee7eddc2e,потолочный люстра,Arlight,Arlight-LS34116,114.7,4132.8,70.0,299,89,2975,24,32918,10982.22
bcb9e6c6-0a27-4c54-bb5d-6f197599c729,потолочный high bay,Navigator,Navigator-XX70458,184.87,14571.3,100.0,66,85,5418,41,80041,14885.88
855e5c2f-10ec-4c22-8879-41e5ad33c960,настенный бра,Arlight,Arlight-BR23113,18.74,1155.7,70.0,96,80,3643,24,33271,1035.93
a08cbf67-948c-4695-bbf4-f434a3a36e95,потолочный накладной,Arlight,Arlight-NK51462,28.59,3330.3,110.0,99,84,3924,27,47525,1957.32
c19d6906-dd45-4d0d-9bd2-45634dfc671c,потолочный подвесной,Feron,Feron-PD72908,25.96,3786.5,125.0,107,87,3961,26,45784,4461.98
071aa245-c879-4f15-b141-1c63e7613be6,потолочный трековый спот,Jazzway,Jazzway-XX35746,27.81,4463.9,115.0,36,86,3539,21,38418,3875.2
973d5f6b-6f30-4dd9-bc63-26206b687209,потолочный накладной,IEK,IEK-NK37886,32.01,2591.9,85.0,111,88,4274,35,54379,1989.36
e91d5b02-b415-42ac-8d58-7cc0f5dfc1a3,потолочный панель,Feron,Feron-PL48141,41.17,4408.7,107.1,119,87,4662,28,38932,3270.86
9b5cd7c7-cbc5-4d3e-b235-d7f95e2d5f54,потолочный магистральный,IEK,IEK-MG77388,91.12,10380.1,113.9,101,85,4662,61,72261,4877.2
503c8551-b288-42b3-8c76-bad1f4608d5f,потолочный магистральный,IEK,IEK-MG73916,89.08,6239.3,95.0,118,86,4967,58,59340,3473.38
7338d9a5-8d9a-468a-be70-04911721783b,потолочный high bay,Philips,Philips-XX15230,90.69,17605.3,140.0,62,78,6269,49,68786,8728.4
140e0da7-2e69-474d-b91b-e7c214f14e38,настенный бра,Gauss,Gauss-BR57880,13.1,2229.7,100.0,136,88,3785,22,38608,1191.09
d4c6f322-0a34-40a9-bae8-4c84c7cd7504,потолочный прожектор,Gauss,Gauss-PJ73191,202.93,30405.9,140.0,69,85,6175,52,54115,13148.07
ec53a533-f93f-4619-8a2f-6f126cf7f4da,потолочный прожектор,Navigator,Navigator-PJ25509,21.85,31989.2,140.0,61,83,4800,47,46009,3203.0
91f3da8e-26ec-4a50-a86a-ef6908791066,настенный бра,Odeon Light,Odeon Light-BR41938,10.76,2509.0,100.0,154,84,3322,22,29031,3433.44
ff597ff7-7292-4744-85c9-00181392fbd9,потолочный панель,Gauss,Gauss-PL63143,23.37,4643.3,120.0,94,87,4836,23,36653,3751.83
32c38dd8-6718-4a92-8df2-e083458f03ea,потолочный прожектор,Gauss,Gauss-PJ73133,291.39,23679.2,90.0,107,90,5874,63,48663,9491.36
861557f4-0a47-4854-9dbc-29da7655621d,потолочный магистральный,Philips,Philips-MG69437,64.13,9134.6,135.0,94,85,4767,55,60432,2422.47
afc7dc6a-30ae-49b3-9998-c87333ae9270,потолочный прожектор,Osram,Osram-PJ89365,185.37,9813.7,90.0,55,81,3708,61,60174,6877.13
4327b1eb-56c9-487a-8a36-421d5f5fcd3b,потолочный линейный,Volpe,Volpe-LN80685,30.65,8130.9,130.0,107,88,4297,45,33727,3603.51
ed00901b-762d-4807-820d-884b9f551e2b,потолочный панель,ERA,ERA-PL59969,55.67,5519.4,99.1,109,87,4055,21,51192,1534.36
85179d6e-a59a-4a0a-84bc-42b7a6e304ab,потолочный даунлайт,Gauss,Gauss-DL47128,20.55,2627.6,115.0,98,90,2875,23,44314,888.28
3ac8c6db-44e9-4b48-9414-9ca7b2b4f4d3,потолочный прожектор,Osram,Osram-PJ51405,265.49,15894.0,90.0,34,90,5762,54,44713,1100.72
1a96a30d-5d8f-40fe-a646-de1481fc7293,потолочный подвесной,Osram,Osram-PD36698,38.55,2629.9,90.0,99,82,4282,30,45969,2522.69
f9645c97-6ce0-4a0f-ad61-273f54373278,потолочный подвесной,Osram,Osram-PD28096,50.89,5570.2,109.5,70,85,3725,43,52329,4916.13
3790ad32-a716-45d9-a8cb-96cfcec593e5,настенный бра,Lightstar,Lightstar-BR99727,7.98,997.4,100.0,160,89,2830,25,44652,3322.9
b9d3373e-24b4-4e69-a9a1-1bff9e671450,настенный накладной,ERA,ERA-NK39067,12.08,2045.1,110.0,109,88,4234,53,50006,1037.98
59b1f9af-60d4-4f72-b2db-a32c0e455aab,потолочный даунлайт,Arlight,Arlight-DL93924,8.84,798.2,90.3,79,94,3805,32,51348,1654.69
4e0e869a-1980-481a-86c1-941e4d4fb9aa,потолочный трековый спот,Gauss,Gauss-XX90634,27.56,1827.9,85.0,44,93,3071,20,47985,2756.93
4fa6912c-e686-4693-b591-1b16bb7d4ee3,потолочный магистральный,Osram,Osram-MG86818,114.14,8496.7,95.0,109,89,4086,46,55977,5183.14
1020a4b2-1466-4098-a633-9542ab26e954,потолочный high bay,Arlight,Arlight-XX39661,168.02,27160.1,140.0,64,76,4711,60,86600,7503.1
df5c6763-2a50-4ae5-93e0-ab0ed30631a7,потолочный прожектор,Arlight,Arlight-PJ25336,289.66,17461.8,90.0,57,80,3612,52,62345,8044.37
6b21fff6-db09-46c0-a845-a5aa96d65e47,напольный торшер,Gauss,Gauss-TR54520,35.66,2008.1,80.0,138,87,3025,24,27541,5352.67
d2e28c51-6414-4ff8-ab44-ec9108f94aba,напольный торшер,Gauss,Gauss-TR51383,32.94,2881.1,87.5,142,80,2851,20,32673,9947.78
d324d04a-530b-4bf7-9e43-16bccee5204b,потолочный подвесной,Arlight,Arlight-PD82686,77.1,5270.5,90.0,60,88,3372,22,55210,5141.16
ea01e5ae-3ff9-4e42-a62a-e9a5d6c350a3,потолочный магистральный,IEK,IEK-MG40783,92.42,8419.2,95.0,116,82,4947,57,76397,4244.5
8efdf058-8303-48e6-9927-8c607f40e008,настенный накладной,Arlight,Arlight-NK98580,19.68,1649.3,83.8,96,88,4254,51,54473,1123.67
64fedb90-e346-49e5-aa7c-1f42bb3b130c,настенный бра,Lightstar,Lightstar-BR46009,17.32,417.2,70.0,167,89,3802,23,32885,3653.61
ee3b9fa3-4c7e-4c0f-a8a2-0ca414d714b5,потолочный трековый спот,Jazzway,Jazzway-XX14268,17.31,4415.6,115.0,38,88,3675,22,45772,2423.43
447f0743-e983-4dd9-9264-f3702a43241c,потолочный люстра,Arlight,Arlight-LS59732,54.73,8022.8,100.0,306,84,2796,25,26313,1655.74
8344d2d4-e767-425d-bd10-a59f56cea336,потолочный прожектор,Osram,Osram-PJ75374,48.21,14294.5,140.0,105,82,3919,46,78341,5803.35
a42192d1-c552-44a2-8e59-4aa7234c2ed2,потолочный подвесной,Philips,Philips-PD23090,28.68,6615.2,125.0,82,88,3419,24,38934,3964.29
b4b5cb47-1940-41ee-8388-e165f00b9473,настенный накладной,Gauss,Gauss-NK65249,20.8,1554.6,80.0,102,83,3218,64,38738,2975.3
5022fc45-864e-4a45-b826-8b0c53856c52,потолочный трековый спот,Arlight,Arlight-XX62219,15.38,5009.0,115.0,43,90,3110,29,37529,3990.61
04054d4e-1330-4471-94dd-bb71349625da,потолочный линейный,Volpe,Volpe-LN83071,61.43,2408.2,90.0,114,84,4444,35,43386,2379.94
a8c2875a-8f5d-4358-ba10-5089820438ce,напольный торшер,Gauss,Gauss-TR47304,22.89,985.3,80.0,100,88,3952,21,31517,6842.18
6be3fd67-8fe7-4011-94c9-2ab6e44ea50d,потолочный даунлайт,Arlight,Arlight-DL93962,14.48,2027.2,115.0,98,86,2841,34,43912,2408.85
fe8abb6a-eeef-40cd-be9d-d9c13f78030f,напольный торшер,Feron,Feron-TR45058,56.43,2713.8,80.0,145,84,3879,20,26872,3821.34
c2b305f9-cbb9-4acc-ab79-037d994a2ecd,потолочный прожектор,Osram,Osram-PJ13027,200.5,11222.4,90.0,61,92,4271,54,78621,6795.85
085255a3-4b9f-4768-ab19-394247b0dc93,потолочный магистральный,Osram,Osram-MG81884,120.05,12275.3,102.3,118,87,4080,44,44120,1850.86
4d90e1ca-c042-4aca-87a2-9918b28fde60,потолочный панель,Jazzway,Jazzway-PL40062,19.11,3705.7,120.0,112,81,3893,23,56193,3633.51
7305e19b-15b9-4060-a19a-288b922930f8,потолочный high bay,Gauss,Gauss-XX71235,205.39,19522.2,100.0,67,82,4426,40,64273,14025.63
8aaf40e4-3f1e-4b34-a8c3-5373d7a79fba,потолочный люстра,Lightstar,Lightstar-LS67013,113.49,5839.8,70.0,152,89,3131,25,29130,15354.86
291ed92e-ab1f-4d8a-b2fa-7ba7b0d3ed0d,потолочный люстра,Arlight,Arlight-LS49789,83.98,5736.5,70.0,338,84,2881,20,26157,9125.77
f52c7ccf-e38a-45f5-b229-b69d9bd28185,потолочный панель,ERA,ERA-PL49270,18.0,5713.8,120.0,115,85,4203,20,66883,3830.26
f261401d-325c-45dd-9044-19fc6a7bb844,потолочный панель,Arlight,Arlight-PL31400,50.17,5630.2,112.2,107,91,4322,24,65286,2198.74
f33d14ee-ea10-4ff0-a981-f3a3e79cfd2d,настенный накладной,ERA,ERA-NK47313,39.48,2047.1,80.0,101,82,3633,49,54113,3256.88
9d2b2181-52fb-454a-866b-55c1b9ba4a91,настенный бра,Feron,Feron-BR91625,23.57,2502.9,100.0,127,88,2937,22,40922,2700.28
55ee57d7-16e5-4b55-89c1-59810da46fc6,потолочный трековый спот,Arlight,Arlight-XX40514,17.51,989.2,85.0,17,90,2941,22,38075,3474.71
0f64ec3d-6ba9-4696-9ff6-f2a10bb851e3,потолочный линейный,Gauss,Gauss-LN20515,29.04,5356.3,130.0,100,83,4699,53,48547,4144.84
a770ea20-b56f-4f14-8bcb-7d20e3128d16,напольный торшер,Odeon Light,Odeon Light-TR25985,57.58,1141.0,80.0,159,80,3311,21,36830,8355.26
ac07179a-fe42-49ec-9c22-ca39ebbd3447,напольный торшер,Gauss,Gauss-TR71974,45.73,2554.6,80.0,177,82,3992,21,34706,1845.64
f8b6535e-9782-4495-9020-d9110fab6ffe,потолочный подвесной,Feron,Feron-PD36047,59.29,3778.4,90.0,79,86,3063,42,50627,2415.9
bd309ad1-6241-46e5-8d17-229dfd712023,потолочный даунлайт,Gauss,Gauss-DL61879,27.41,2945.5,107.5,70,81,3839,27,35020,979.81
4628e9d6-cb92-4960-95fe-fcda4f79f91c,напольный торшер,Lightstar,Lightstar-TR21980,22.15,5066.0,100.0,142,86,3594,21,35415,3238.5
ac6f3475-13f9-414d-a1b4-df59619ffdac,настенный бра,Arlight,Arlight-BR73942,20.47,2820.2,100.0,179,86,2777,26,42533,3290.99
c7e1f41c-3af8-4f8d-9e5f-0d82ab0cea5b,потолочный high bay,Osram,Osram-XX42859,133.85,22517.1,140.0,98,80,6229,58,50854,7844.34
653df25f-1200-4689-92fa-826ec5916c35,потолочный панель,Jazzway,Jazzway-PL88470,38.38,3900.0,101.6,98,90,3784,24,43906,3143.69
da667aa9-6550-42ac-96df-19279883323c,потолочный люстра,Arlight,Arlight-LS12453,36.03,5718.0,100.0,227,88,3133,24,35518,10860.22
cb6266cb-d9c1-40f2-9d1f-ba81b324430b,потолочный прожектор,Gauss,Gauss-PJ82281,259.91,28384.6,109.2,40,90,5304,53,55499,8336.98
d11c5b26-c27a-48f9-9175-0242596e741c,потолочный магистральный,Arlight,Arlight-MG36486,107.43,8032.5,95.0,109,81,4523,41,73407,2213.76
cd6f0772-a8cf-4a07-a1dd-bf707f8a6bcc,потолочный линейный,Gauss,Gauss-LN38930,49.12,2671.5,90.0,107,88,4486,37,58052,1949.35
e4ea30b7-b118-4190-b507-8de61caff504,потолочный прожектор,Arlight,Arlight-PJ83140,221.0,2444.9,90.0,111,89,6249,60,58722,9944.83
a42b4723-4554-42f9-b183-21a3cc75b3dd,настенный накладной,ERA,ERA-NK20215,47.53,2131.1,80.0,101,87,4235,49,36016,990.05
e9513464-7874-4496-8688-77cd52c9bc58,потолочный high bay,Osram,Osram-XX83193,243.3,10525.1,100.0,103,82,4473,53,59950,10691.24
b988c631-c35f-4e56-b2be-47d0a2b64048,настенный накладной,Gauss,Gauss-NK82085,32.33,3187.5,98.6,112,85,4011,58,45676,1081.08
248b3ebd-60c1-44fb-80cb-1a7b53d87ccf,потолочный подвесной,Feron,Feron-PD64046,47.81,6300.0,125.0,92,85,4400,41,51502,5984.88
a358c2b2-f298-47db-b78e-d4dd809bb98a,напольный торшер,Feron,Feron-TR69297,41.66,4452.5,100.0,119,82,3409,23,31004,7701.21
02e7a975-2755-4b66-8a6a-2637f1d58aa5,потолочный трековый спот,Gauss,Gauss-XX38157,48.39,900.9,85.0,16,87,2721,22,56709,923.65
ac05ea5c-4392-44d4-9ade-226e54aaf078,потолочный даунлайт,Gauss,Gauss-DL70341,7.5,2837.0,115.0,94,84,3696,33,57777,724.9
cc3e2442-3fce-41a6-bf7b-257ba55719d2,потолочный даунлайт,Arlight,Arlight-DL20118,10.59,1389.0,115.0,104,83,3161,27,47114,1595.04
a6f733f4-6dc4-4579-a65f-dd0c5f294057,настенный накладной,Arlight,Arlight-NK85534,22.99,2344.1,102.0,104,88,4054,61,37384,2534.09
13e9c161-41be-4bc2-a47d-ffbe18148bf5,потолочный подвесной,Philips,Philips-PD95561,20.1,1908.2,94.9,106,83,4225,29,61034,5374.98
f6aa458b-779b-4559-8a6e-c233fc13f9b5,потолочный прожектор,Osram,Osram-PJ30079,280.02,23552.2,90.0,81,80,4835,47,62596,5575.64
d9b74c8d-7389-48cd-a613-395fd05d558f,потолочный панель,Arlight,Arlight-PL27326,46.29,6587.4,120.0,119,91,4362,22,47277,3316.38
a2ffcc0d-8c4a-4b72-b028-ed76dfa95c87,потолочный даунлайт,Arlight,Arlight-DL73035,8.9,2185.7,115.0,62,85,2853,32,53214,673.79
88dce93a-28fd-41df-a7b7-63cacf28d951,потолочный люстра,Odeon Light,Odeon Light-LS52390,39.81,4767.2,100.0,257,85,3497,25,24846,6425.76
6483f9a8-7c7e-41f4-9079-bb272efccdf7,настенный бра,Feron,Feron-BR32184,28.1,632.9,70.0,150,84,3152,23,39846,682.3
be9907b3-a191-4307-88a2-5884a29f50bf,потолочный даунлайт,Gauss,Gauss-DL24728,21.17,3274.4,115.0,82,82,2780,39,35990,1185.02
2add64a9-e2e6-4953-b454-37a3b1abf3ac,настенный накладной,Uniel,Uniel-NK71759,12.18,3836.6,110.0,117,88,4230,44,52344,1100.45
451b9d1c-2f24-4e02-bdf9-06980029b41a,потолочный панель,Feron,Feron-PL97590,31.94,5352.1,120.0,96,88,4625,33,54921,3975.37
c2779c78-8981-4cf7-a796-73bcf7f945cc,потолочный панель,ERA,ERA-PL95820,33.82,6149.0,120.0,105,83,3590,24,57861,1668.1
220cb56e-1e69-4286-ace9-7c08faab437b,потолочный панель,ERA,ERA-PL40299,20.8,4969.8,120.0,109,93,4040,22,41699,3626.89
25e98063-c00c-4e9b-aa5d-165e5c1551ac,потолочный подвесной,Gauss,Gauss-PD12816,48.06,6680.7,125.0,114,84,3895,22,40966,5840.6
94ed42de-2f86-4911-9889-f95a455ab37d,потолочный панель,Arlight,Arlight-PL75700,28.39,4341.2,120.0,100,85,3735,28,44076,2800.74
8401e226-2cbc-4736-a3dc-6651113c72e3,потолочный накладной,Uniel,Uniel-NK54798,34.36,2589.6,85.0,116,88,4222,20,46648,1272.47
5ae3d5af-3d45-4967-8e7c-b8abe50d7bcd,потолочный подвесной,Philips,Philips-PD65897,57.7,2140.9,90.0,82,89,3918,35,41822,2353.73
67366610-b833-4d38-86bd-0ae25d1508ec,потолочный накладной,Arlight,Arlight-NK78656,37.29,1789.1,85.0,106,82,3207,32,54003,2670.21
2606548a-f74e-4b11-a70e-e6308cfa2a9d,потолочный магистральный,Arlight,Arlight-MG34134,87.31,15362.5,135.0,113,86,4564,43,42712,4431.29
